{
	"info": {
		"_postman_id": "5db6a8c3-f9df-4666-b976-8585094282eb",
		"name": "Group requests",
		"schema": "https://schema.getpostman.com/json/collection/v2.1.0/collection.json"
	},
	"item": [
		{
			"name": "Get groups",
			"request": {
				"method": "GET",
				"header": [],
				"url": {
					"raw": "http://localhost:3000/group",
					"protocol": "http",
					"host": [
						"localhost"
					],
					"port": "3000",
					"path": [
						"group"
					]
				}
			},
			"response": []
		},
		{
			"name": "Create group",
			"request": {
				"method": "PUT",
				"header": [
					{
						"key": "Content-Type",
						"value": "application/json",
						"type": "text"
					}
				],
				"body": {
					"mode": "raw",
					"raw": "{\n\t\"name\": \"Group3\",\n\t\"permissions\": [\"READ\", \"WRITE\"]\n}"
				},
				"url": {
					"raw": "http://localhost:3000/group",
					"protocol": "http",
					"host": [
						"localhost"
					],
					"port": "3000",
					"path": [
						"group"
					]
				}
			},
			"response": []
		},
		{
			"name": "Get group",
			"protocolProfileBehavior": {
				"disableBodyPruning": true
			},
			"request": {
				"method": "GET",
				"header": [],
				"body": {
					"mode": "raw",
					"raw": ""
				},
				"url": {
					"raw": "http://localhost:3000/group/91118448-7ffa-4c46-9360-c1298729d699",
					"protocol": "http",
					"host": [
						"localhost"
					],
					"port": "3000",
					"path": [
						"group",
						"91118448-7ffa-4c46-9360-c1298729d699"
					]
				}
			},
			"response": []
		},
		{
			"name": "Update group",
			"request": {
				"method": "POST",
				"header": [
					{
						"key": "Content-Type",
						"value": "application/json",
						"type": "text"
					}
				],
				"body": {
					"mode": "raw",
					"raw": "{\n\t\"name\": \"Group13\",\n\t\"permissions\": [\"READ\", \"WRITE\"]\n}"
				},
				"url": {
					"raw": "http://localhost:3000/group/57a76e89-e811-445a-83b6-474df7ce1969",
					"protocol": "http",
					"host": [
						"localhost"
					],
					"port": "3000",
					"path": [
						"group",
						"57a76e89-e811-445a-83b6-474df7ce1969"
					]
				}
			},
			"response": []
		},
		{
			"name": "Delete group",
			"request": {
				"method": "DELETE",
				"header": [],
				"url": {
					"raw": "http://localhost:3000/group/57a76e89-e811-445a-83b6-474df7ce1969",
					"protocol": "http",
					"host": [
						"localhost"
					],
					"port": "3000",
					"path": [
						"group",
						"57a76e89-e811-445a-83b6-474df7ce1969"
					]
				}
			},
			"response": []
		}
	],
	"protocolProfileBehavior": {}
}