{
	"info": {
		"_postman_id": "938deca9-a5fa-469a-9689-f3bf54eadeb5",
		"name": "User Group requests",
		"schema": "https://schema.getpostman.com/json/collection/v2.1.0/collection.json"
	},
	"item": [
		{
			"name": "Create user group",
			"request": {
				"method": "PUT",
				"header": [
					{
						"key": "Content-Type",
						"value": "application/json",
						"type": "text"
					}
				],
				"body": {
					"mode": "raw",
					"raw": "{\n\t\"userId\": \"104e51d0-a97c-46d6-82bd-9818cf84b8a7\",\n\t\"groupId\": \"60c75c9c-0c47-4832-8456-017b6c3f99e5\"\n}"
				},
				"url": {
					"raw": "http://localhost:3000/user-group",
					"protocol": "http",
					"host": [
						"localhost"
					],
					"port": "3000",
					"path": [
						"user-group"
					]
				}
			},
			"response": []
		}
	],
	"protocolProfileBehavior": {}
}