{
	"info": {
		"_postman_id": "63be27f6-2918-4333-a719-c3d08676e972",
		"name": "User requests",
		"schema": "https://schema.getpostman.com/json/collection/v2.1.0/collection.json"
	},
	"item": [
		{
			"name": "Get user",
			"request": {
				"method": "GET",
				"header": [],
				"url": {
					"raw": "http://localhost:3000/user/19e7b30b-7a7d-4595-b741-db15d8392c3b",
					"protocol": "http",
					"host": [
						"localhost"
					],
					"port": "3000",
					"path": [
						"user",
						"19e7b30b-7a7d-4595-b741-db15d8392c3b"
					]
				},
				"description": "Get user"
			},
			"response": []
		},
		{
			"name": "Create user",
			"request": {
				"method": "PUT",
				"header": [
					{
						"key": "Content-Type",
						"name": "Content-Type",
						"value": "application/json",
						"type": "text"
					}
				],
				"body": {
					"mode": "raw",
					"raw": "{\n\t\"login\": \"Alex1\",\n\t\"password\": \"pass123wer\",\n\t\"age\": 10\n}",
					"options": {
						"raw": {
							"language": "json"
						}
					}
				},
				"url": {
					"raw": "http://localhost:3000/user",
					"protocol": "http",
					"host": [
						"localhost"
					],
					"port": "3000",
					"path": [
						"user"
					]
				}
			},
			"response": []
		},
		{
			"name": "Update user",
			"request": {
				"method": "POST",
				"header": [
					{
						"key": "Content-Type",
						"name": "Content-Type",
						"value": "application/json",
						"type": "text"
					}
				],
				"body": {
					"mode": "raw",
					"raw": "{\n\t\"login\": \"RobinUpdate2\",\n\t\"password\": \"123wer\",\n\t\"age\": 30\n}",
					"options": {
						"raw": {
							"language": "json"
						}
					}
				},
				"url": {
					"raw": "http://localhost:3000/user/c3785d34-9d5f-4773-a055-31d653a2428b",
					"protocol": "http",
					"host": [
						"localhost"
					],
					"port": "3000",
					"path": [
						"user",
						"c3785d34-9d5f-4773-a055-31d653a2428b"
					]
				}
			},
			"response": []
		},
		{
			"name": "Delete user",
			"request": {
				"method": "DELETE",
				"header": [],
				"url": {
					"raw": "http://localhost:3000/user/5061f840-6091-4c79-bc66-3ab22e320fe6",
					"protocol": "http",
					"host": [
						"localhost"
					],
					"port": "3000",
					"path": [
						"user",
						"5061f840-6091-4c79-bc66-3ab22e320fe6"
					]
				}
			},
			"response": []
		},
		{
			"name": "Get auto suggest users",
			"request": {
				"method": "GET",
				"header": [
					{
						"key": "Content-Type",
						"value": "application/json",
						"type": "text",
						"disabled": true
					}
				],
				"url": {
					"raw": "http://localhost:3000/user?limit=10&loginSubstring=",
					"protocol": "http",
					"host": [
						"localhost"
					],
					"port": "3000",
					"path": [
						"user"
					],
					"query": [
						{
							"key": "limit",
							"value": "10"
						},
						{
							"key": "loginSubstring",
							"value": ""
						}
					]
				}
			},
			"response": []
		},
		{
			"name": "Login",
			"request": {
				"method": "POST",
				"header": [
					{
						"key": "Content-Type",
						"name": "Content-Type",
						"value": "application/json",
						"type": "text"
					}
				],
				"body": {
					"mode": "raw",
					"raw": "{\r\n\t\"id\": \"5cfcfe75-a5d9-4fb0-b79d-8ebc9661a745\",\r\n\t\"login\": \"Alex\",\r\n\t\"password\": \"123test\"\r\n}",
					"options": {
						"raw": {
							"language": "json"
						}
					}
				},
				"url": {
					"raw": "http://localhost:3000/user/login",
					"protocol": "http",
					"host": [
						"localhost"
					],
					"port": "3000",
					"path": [
						"user",
						"login"
					]
				}
			},
			"response": []
		}
	],
	"protocolProfileBehavior": {}
}